{"stats":{"minecraft:used":{"minecraft:water_bucket":754,"minecraft:damaged_anvil":1,"minecraft:flint_and_steel":15,"minecraft:elder_guardian_spawn_egg":172,"minecraft:dispenser":3,"minecraft:redstone":597,"minecraft:ender_pearl":59,"minecraft:chest":4,"minecraft:tinted_glass":216,"minecraft:ender_chest":1,"minecraft:stone":1,"minecraft:warped_sign":21,"minecraft:polished_blackstone_pressure_plate":7,"minecraft:dark_oak_trapdoor":7,"minecraft:soul_sand":544,"minecraft:rail":2,"minecraft:tnt":1,"minecraft:hopper":2,"minecraft:deepslate_tile_slab":11,"minecraft:white_bed":11,"minecraft:milk_bucket":2,"minecraft:obsidian":28250,"minecraft:redstone_torch":15,"minecraft:sticky_piston":59,"minecraft:netherite_block":77,"minecraft:lever":83,"minecraft:lava_bucket":43,"minecraft:chipped_anvil":1,"minecraft:firework_rocket":964,"minecraft:crying_obsidian":21,"minecraft:command_block":183,"minecraft:iron_block":206,"minecraft:grass_block":63,"minecraft:string":6,"minecraft:hopper_minecart":2,"minecraft:barrel":5,"minecraft:tripwire_hook":3,"minecraft:repeater":83,"minecraft:waxed_cut_copper_slab":5,"minecraft:snow":67,"minecraft:iron_trapdoor":33,"minecraft:oak_boat":13,"minecraft:polished_blackstone_button":5},"minecraft:mined":{"minecraft:tinted_glass":2,"minecraft:tripwire":1},"minecraft:picked_up":{"minecraft:prismarine_shard":9,"minecraft:string":1,"minecraft:elytra":2,"minecraft:sticky_piston":1,"minecraft:tinted_glass":2,"minecraft:grass_block":2,"minecraft:redstone":15,"minecraft:prismarine_crystals":1,"minecraft:netherite_block":1,"minecraft:command_block":3,"minecraft:polished_blackstone_pressure_plate":1,"minecraft:lever":5,"minecraft:obsidian":2,"minecraft:cod":6,"minecraft:ender_pearl":2,"minecraft:wet_sponge":9},"minecraft:dropped":{"minecraft:soul_sand":1,"minecraft:lever":1,"minecraft:tinted_glass":3,"minecraft:ender_pearl":14,"minecraft:obsidian":2,"minecraft:prismarine_shard":3,"minecraft:command_block":1,"minecraft:cod":2,"minecraft:netherite_block":1,"minecraft:wet_sponge":4,"minecraft:redstone":5},"minecraft:custom":{"minecraft:interact_with_anvil":3,"minecraft:mob_kills":24,"minecraft:open_barrel":40,"minecraft:leave_game":28,"minecraft:time_since_death":9363,"minecraft:sleep_in_bed":22,"minecraft:time_since_rest":9388,"minecraft:open_enderchest":2,"minecraft:sprint_one_cm":386798,"minecraft:damage_taken":8291,"minecraft:walk_one_cm":1009007,"minecraft:drop":20,"minecraft:damage_dealt":17601,"minecraft:swim_one_cm":74828,"minecraft:fly_one_cm":7235210,"minecraft:open_chest":6,"minecraft:crouch_one_cm":43687,"minecraft:play_time":992776,"minecraft:deaths":41,"minecraft:sneak_time":47441,"minecraft:walk_under_water_one_cm":306282,"minecraft:boat_one_cm":7964,"minecraft:aviate_one_cm":2496629,"minecraft:jump":1859,"minecraft:walk_on_water_one_cm":79566,"minecraft:total_world_time":1353047,"minecraft:fall_one_cm":84078,"minecraft:inspect_dispenser":14},"minecraft:killed":{"minecraft:elder_guardian":24}},"DataVersion":2724}